,gene_sgRNA,log of change,final diff,exon_id
1760,MCM2_sgRNA1760,0.828057887568261,-0.699199118126771,ENSE00001913826
1761,MCM2_sgRNA1761,-0.2959133998073083,0.1629935918257218,ENSE00001913826
1762,MCM2_sgRNA1762,-0.1093313324949125,0.08448220839207049,ENSE00001913826
1763,MCM2_sgRNA1763,-0.004835644332381993,0.0470221887820122,ENSE00001913826
1764,MCM2_sgRNA1764,-0.5953624587105768,0.6758999247314313,ENSE00001913826
1765,MCM2_sgRNA1765,-0.5317256878737323,0.6879507109418944,ENSE00003533863
1766,MCM2_sgRNA1766,-0.3730379864234151,0.5385581723715919,ENSE00003533863
1767,MCM2_sgRNA1767,0.16036132246804707,0.06138464760083097,ENSE00003533863
1768,MCM2_sgRNA1768,0.14432890129699869,0.07205644891140696,ENSE00003533863
1769,MCM2_sgRNA1769,0.017491170541010338,0.0978576389736142,ENSE00003533863
1770,MCM2_sgRNA1770,-0.28049651463152797,0.40732508523055955,ENSE00003533863
1771,MCM2_sgRNA1771,1.046336809438512,-0.7875830274427628,ENSE00003533863
1772,MCM2_sgRNA1772,0.9875948000937976,-0.7470171284297856,ENSE00003533863
1773,MCM2_sgRNA1773,-0.3769937152536028,0.4041607661301868,ENSE00003533863
1774,MCM2_sgRNA1774,0.4064835552287361,-0.12306492620857735,ENSE00003533863
1775,MCM2_sgRNA1775,-0.6702834931741156,0.8087068979735041,ENSE00003644796
1776,MCM2_sgRNA1776,0.32901693370030705,-0.1636708453707402,ENSE00003644796
1777,MCM2_sgRNA1777,-0.1256150948288251,0.1352892013902894,ENSE00003644796
1778,MCM2_sgRNA1778,-0.7158411006971637,0.6870168726490862,ENSE00003644796
1779,MCM2_sgRNA1779,0.34460066820350005,-0.27622737959553234,ENSE00003644796
1780,MCM2_sgRNA1780,0.15433845562351006,-0.03817492416965662,ENSE00003644796
1781,MCM2_sgRNA1781,0.48198270290461237,-0.3921891924698822,ENSE00003644796
1782,MCM2_sgRNA1782,0.9986903875249444,-0.9462482420547957,ENSE00003644796
1783,MCM2_sgRNA1783,-0.37232680849203525,0.4820612741501473,ENSE00003644796
1784,MCM2_sgRNA1784,-0.44846108878377866,0.48391525810366054,ENSE00003644796
1785,MCM2_sgRNA1785,0.12032223345588838,-0.032354343095607495,ENSE00003644796
1786,MCM2_sgRNA1786,-1.7428937735052807,1.7624715741694987,ENSE00003644796
1787,MCM2_sgRNA1787,0.21856989111588498,0.017286515157185232,ENSE00003644796
1788,MCM2_sgRNA1788,-0.44779878434932024,0.4494056860874042,ENSE00003644796
1789,MCM2_sgRNA1789,-0.5850250582499994,0.4627106846285949,ENSE00003644796
1790,MCM2_sgRNA1790,1.6555854600257314,-1.451109958465848,ENSE00003644796
1791,MCM2_sgRNA1791,0.6622912411032622,-0.38238848566321104,ENSE00003562691
1792,MCM2_sgRNA1792,-0.28227992264814616,0.2657884253774785,ENSE00003562691
1793,MCM2_sgRNA1793,0.3607844065290325,-0.12077888790811214,ENSE00003562691
1794,MCM2_sgRNA1794,-0.8492243339321225,0.8244356394161358,ENSE00003562691
1795,MCM2_sgRNA1795,0.7264590036528569,-0.6077441514785505,ENSE00003562691
1796,MCM2_sgRNA1796,0.2407029245687562,-0.12208150779296176,ENSE00003562691
1797,MCM2_sgRNA1797,0.3491378277081653,0.004010104883723228,ENSE00003601057
1798,MCM2_sgRNA1798,0.7983725025709363,-0.5896197471492906,ENSE00003601057
1799,MCM2_sgRNA1799,-0.5137252271023923,0.4960424780430447,ENSE00003601057
1800,MCM2_sgRNA1800,0.006414733067179127,0.011678964864146294,ENSE00003601057
1801,MCM2_sgRNA1801,-0.48258817201703885,0.4807644316993402,ENSE00003601057
1802,MCM2_sgRNA1802,-0.03986325530570715,0.12984674928949413,ENSE00003601057
1803,MCM2_sgRNA1803,0.040005334613699206,0.040005334613699206,ENSE00003601057
1804,MCM2_sgRNA1804,0.4805425579509657,-0.26787886070189454,ENSE00003601057
1805,MCM2_sgRNA1805,-1.633637179961292,1.6732957976369895,ENSE00003601057
1806,MCM2_sgRNA1806,1.494826637004123,-1.3269996904883306,ENSE00003601057
1807,MCM2_sgRNA1807,1.2113978952352185,-0.9493487377960413,ENSE00003601057
1808,MCM2_sgRNA1808,5.216022123821206,-4.3441611671438105,ENSE00003601057
1809,MCM2_sgRNA1809,-0.23413252028618495,0.22141154575611657,ENSE00003601057
1810,MCM2_sgRNA1810,-0.20793477189483867,0.19875105642285038,ENSE00003601057
1811,MCM2_sgRNA1811,-0.7085975776615184,0.7316579246055518,ENSE00003601057
1812,MCM2_sgRNA1812,0.6940416190017159,-0.5159855369831056,ENSE00003601057
1813,MCM2_sgRNA1813,1.414423149658794,-1.2783061053081979,ENSE00003601057
1814,MCM2_sgRNA1814,-0.2598266777812575,0.34281131316098956,ENSE00003601057
1815,MCM2_sgRNA1815,0.8413615234722537,-0.6060781550533076,ENSE00003601057
1816,MCM2_sgRNA1816,-0.2916815793289349,0.330017453824397,ENSE00003601057
1817,MCM2_sgRNA1817,0.08115604222517352,0.08115604222517352,ENSE00003601057
1818,MCM2_sgRNA1818,-0.021607322567730593,0.08033514809088602,ENSE00003601057
1819,MCM2_sgRNA1819,-0.05725232126071614,0.13126236842520883,ENSE00003601057
1820,MCM2_sgRNA1820,0.4131690353058773,-0.09671259530492124,ENSE00001922825
1821,MCM2_sgRNA1821,-0.8484139036228923,0.9855687824929107,ENSE00001922825
1822,MCM2_sgRNA1822,-0.22162447085132447,0.2458785729900279,ENSE00001922825
1823,MCM2_sgRNA1823,-0.8144568976710238,0.9304129714400045,ENSE00001861437
1824,MCM2_sgRNA1824,-0.726396517756892,0.7809424113803505,ENSE00001861437
1825,MCM2_sgRNA1825,-0.8520142798206252,0.9092421586871293,ENSE00001861437
1826,MCM2_sgRNA1826,0.8931125322473029,-0.7725942472249413,ENSE00001861437
1827,MCM2_sgRNA1827,0.609274627662539,-0.6259234234753548,ENSE00001861437
1828,MCM2_sgRNA1828,0.8365005424152465,-0.8220164720834509,ENSE00001861437
1829,MCM2_sgRNA1829,0.5359551142024596,-0.4986215957721643,ENSE00001861437
1830,MCM2_sgRNA1830,-0.03492832152755401,-0.03254108071654605,ENSE00001861437
1831,MCM2_sgRNA1831,0.6118744865156701,-0.513683295327222,ENSE00001861437
1832,MCM2_sgRNA1832,0.4971693480799251,-0.4075713017732661,ENSE00001861437
1833,MCM2_sgRNA1833,0.20483810259643206,-0.00926957384438647,ENSE00001861437
1834,MCM2_sgRNA1834,0.9515769215789577,-0.7130831617776298,ENSE00001861437
1835,MCM2_sgRNA1835,-0.09596743296224426,0.08809695124214226,ENSE00001861437
1836,MCM2_sgRNA1836,-0.28164116489332086,0.2850740631067599,ENSE00001861437
1837,MCM2_sgRNA1837,0.4334032789064127,-0.21245112915212996,ENSE00001861437
1838,MCM2_sgRNA1838,0.06694044050245042,0.06694044050245042,ENSE00001861437
1839,MCM2_sgRNA1839,0.5991078104323009,-0.3722921744203029,ENSE00001861437
1840,MCM2_sgRNA1840,0.0024994946472364486,0.004468544539111247,ENSE00001861437
1841,MCM2_sgRNA1841,-0.03856129794627417,0.08226897647339974,ENSE00001861437
1842,MCM2_sgRNA1842,0.8243587102196862,-0.6541026861671618,ENSE00001861437
1843,MCM2_sgRNA1843,-0.5308340280514171,0.5022854332082433,ENSE00001861437
1844,MCM2_sgRNA1844,0.9652826772217566,-0.9541355297731229,ENSE00001861437
1845,MCM2_sgRNA1845,0.5167410108937708,-0.36640601111685095,ENSE00001861437
1846,MCM2_sgRNA1846,0.06829748042455022,0.06829748042455022,ENSE00001861437
1847,MCM2_sgRNA1847,0.03845472307369864,0.03845472307369864,ENSE00001861437
1848,MCM2_sgRNA1848,0.49292974103952053,-0.15517672083578468,ENSE00001861437
1849,MCM2_sgRNA1849,-0.6666809746119738,0.7354676692213665,ENSE00001861437
1850,MCM2_sgRNA1850,-0.2091132567406598,0.26689043217587705,ENSE00001861437
1851,MCM2_sgRNA1851,0.03941872698906876,0.03941872698906876,ENSE00001861437
1852,MCM2_sgRNA1852,-0.026651532919415154,0.050798379305430845,ENSE00001861437
1853,MCM2_sgRNA1853,0.18911333414892978,0.020496146569135492,ENSE00001861437
1854,MCM2_sgRNA1854,-0.035847603302356285,0.14483445007915136,ENSE00001861437
1855,MCM2_sgRNA1855,-0.830084320606175,0.9104170445519114,ENSE00001861437
1856,MCM2_sgRNA1856,-0.602196175747657,0.6452749082199455,ENSE00001861437
1857,MCM2_sgRNA1857,3.6593043795506492,-3.671279435265026,ENSE00001861437
1858,MCM2_sgRNA1858,-0.08740858452577349,0.15151112566339986,ENSE00001861437
1859,MCM2_sgRNA1859,-1.1684511096241195,1.14899306069776,ENSE00001861437
1860,MCM2_sgRNA1860,-0.7549072259667505,0.7742295324878363,ENSE00001861437
1861,MCM2_sgRNA1861,0.40080632122100235,-0.28489750278208553,ENSE00001861437
1862,MCM2_sgRNA1862,2.169559559919978,-2.003633395153624,ENSE00001861437
1863,MCM2_sgRNA1863,-0.5927853225836618,0.5928955874553679,ENSE00001861437
1864,MCM2_sgRNA1864,-0.07775703352970867,0.0015143869628177719,ENSE00001861437
1865,MCM2_sgRNA1865,-0.2078733363350556,0.28866645198364405,ENSE00001861437
1866,MCM2_sgRNA1866,0.037507000721954974,0.037507000721954974,ENSE00001861437
1867,MCM2_sgRNA1867,-0.1844642259314364,0.38080899362404286,ENSE00001861437
1868,MCM2_sgRNA1868,-0.7154543803919905,0.9075570519054004,ENSE00001861437
1869,MCM2_sgRNA1869,-0.08093864923871015,0.1145616060022343,ENSE00001861437
1870,MCM2_sgRNA1870,1.4792292242128984,-1.1874023271625553,ENSE00001861437
1871,MCM2_sgRNA1871,-0.8587678037045526,1.0369362222225196,ENSE00001861437
1872,MCM2_sgRNA1872,1.0090608906528191,-0.660434552223177,ENSE00001861437
1873,MCM2_sgRNA1873,0.7971123007955,-0.6066324512090318,ENSE00001861437
1874,MCM2_sgRNA1874,0.9138159721080304,-0.7689547535440507,ENSE00001861437
1875,MCM2_sgRNA1875,0.27755493860207875,-0.06803868692477533,ENSE00001861437
1876,MCM2_sgRNA1876,0.41074309104663664,-0.21092652184383917,ENSE00001945332
1877,MCM2_sgRNA1877,-0.03448145681945383,0.06742521806091593,ENSE00001945332
1878,MCM2_sgRNA1878,0.11084571776645769,0.07406794637711638,ENSE00001945332
1879,MCM2_sgRNA1879,0.14973556022482498,-0.028107125957982756,ENSE00001945332
1880,MCM2_sgRNA1880,0.34973019165653635,-0.21223770661844096,ENSE00001945332
1881,MCM2_sgRNA1881,0.9656830034375927,-0.7496593908232877,ENSE00001945332
1882,MCM2_sgRNA1882,-0.4436547495740102,0.38739919538535755,ENSE00001945332
1883,MCM2_sgRNA1883,0.3726942218099431,-0.12539567743555727,ENSE00001945332
1884,MCM2_sgRNA1884,-0.23270166545752866,0.24978867431521876,ENSE00001945332
1885,MCM2_sgRNA1885,0.5860367074872659,-0.4241503757115076,ENSE00001945332
1886,MCM2_sgRNA1886,-0.012617777670050725,0.03649126040119273,ENSE00001945332
1887,MCM2_sgRNA1887,0.19937877818983685,-0.0340964258255816,ENSE00001945332
1888,MCM2_sgRNA1888,-0.50851097535464,0.47821957687054134,ENSE00001945332
1889,MCM2_sgRNA1889,-0.9725668668567712,1.0562570719450484,ENSE00001945332
1890,MCM2_sgRNA1890,-0.40778280156680635,0.46136654710605385,ENSE00001945332
1891,MCM2_sgRNA1891,-0.4040986765587297,0.5905490975980291,ENSE00001945332
1892,MCM2_sgRNA1892,-0.1626334811134649,0.10564432249947617,ENSE00001945332
1893,MCM2_sgRNA1893,4.30966734875284,-3.8416660633436535,ENSE00001945332
1894,MCM2_sgRNA1894,-0.24214872961327258,0.3129627232679054,ENSE00001945332
1895,MCM2_sgRNA1895,-1.0143393771246587,1.009029727289596,ENSE00001945332
1896,MCM2_sgRNA1896,-0.5737066366509221,0.5114186556588342,ENSE00001945332
1897,MCM2_sgRNA1897,0.5013924950158875,-0.32201900295363667,ENSE00001945332
1898,MCM2_sgRNA1898,0.4546090012826818,-0.3861028440623198,ENSE00001945332
1899,MCM2_sgRNA1899,-0.11585495533928279,0.13992473609168074,ENSE00001945332
1900,MCM2_sgRNA1900,0.9974982855312102,-0.6595593266978138,ENSE00001945332
1901,MCM2_sgRNA1901,1.3880341403582779,-1.1252835244782833,ENSE00003643982
1902,MCM2_sgRNA1902,0.18555551004091228,0.002894244823843157,ENSE00003643982
1903,MCM2_sgRNA1903,-0.3772693077569095,0.4111287619515056,ENSE00003643982
1904,MCM2_sgRNA1904,-0.5655071288516098,0.5978209079322147,ENSE00003643982
1905,MCM2_sgRNA1905,0.5762371793626598,-0.4777726971942775,ENSE00003643982
1906,MCM2_sgRNA1906,-0.0818292003316739,0.13433587003732197,ENSE00003643982
1907,MCM2_sgRNA1907,-0.33680427373579597,0.35269451596338985,ENSE00003643982
1908,MCM2_sgRNA1908,0.057638503465898175,0.09918638128650832,ENSE00003643982
1909,MCM2_sgRNA1909,0.6726583475234006,-0.5386932822125154,ENSE00003643982
1910,MCM2_sgRNA1910,0.24833241659059993,0.0024953225674015705,ENSE00001863792
1911,MCM2_sgRNA1911,-0.30240151186825437,0.31152368041857814,ENSE00001863792
1912,MCM2_sgRNA1912,-0.010276558095272656,-0.010276558095272656,ENSE00001863792
1913,MCM2_sgRNA1913,-0.42253365035124324,0.46594320291737157,ENSE00001863792
1914,MCM2_sgRNA1914,-0.1519285554517053,0.15759475057482986,ENSE00001863792
1915,MCM2_sgRNA1915,-0.19607788824177366,0.20957187565665558,ENSE00001863792
1916,MCM2_sgRNA1916,0.661233639354811,-0.4249104906391679,ENSE00001863792
1917,MCM2_sgRNA1917,-0.037641460020929475,0.12363220383315447,ENSE00001863792
1918,MCM2_sgRNA1918,0.1378401513561453,0.022238422182188244,ENSE00001863792
1919,MCM2_sgRNA1919,0.1837199569431343,0.018460213410977675,ENSE00001863792
1920,MCM2_sgRNA1920,-0.008778846017333428,0.036057960355572724,ENSE00001863792
1921,MCM2_sgRNA1921,0.4230383424549018,-0.18504269407050833,ENSE00001863792
1922,MCM2_sgRNA1922,0.1003368315867791,0.07029369611181988,ENSE00001863792
1923,MCM2_sgRNA1923,0.8140281971650725,-0.5970129669762064,ENSE00001863792
1924,MCM2_sgRNA1924,1.4207565148105559,-1.1669662924035236,ENSE00001863792
1925,MCM2_sgRNA1925,-0.3127016447210666,0.36570605061638867,ENSE00001863792
1926,MCM2_sgRNA1926,0.054883082242622026,0.09371451735623695,ENSE00001863792
1927,MCM2_sgRNA1927,0.7114675338478234,-0.4066954645074293,ENSE00001863792
1928,MCM2_sgRNA1928,-0.30024869505163937,0.3204918461670761,ENSE00001863792
1929,MCM2_sgRNA1929,1.237285947629242,-0.9539441800944406,ENSE00001863792
1930,MCM2_sgRNA1930,-0.7747585160061082,0.9385159440128946,ENSE00003507521
1931,MCM2_sgRNA1931,0.11327079986228211,0.11327079986228211,ENSE00003507521
1932,MCM2_sgRNA1932,-0.1674193675065799,0.18526662292497326,ENSE00003507521
1933,MCM2_sgRNA1933,-2.16157671945327,2.2881568110939816,ENSE00003507521
1934,MCM2_sgRNA1934,0.2642214763363271,-0.06213984006635285,ENSE00003507521
1935,MCM2_sgRNA1935,0.010832875062922721,0.010832875062922721,ENSE00003507521
1936,MCM2_sgRNA1936,-0.42408790801806623,0.416317485026844,ENSE00003507521
1937,MCM2_sgRNA1937,-0.8778146138035413,0.8922385009927071,ENSE00003507521
1938,MCM2_sgRNA1938,-0.3020570205093037,0.27158037256594125,ENSE00003545333
1939,MCM2_sgRNA1939,-0.24766622430453558,0.273089223920316,ENSE00003545333
1940,MCM2_sgRNA1940,0.18115768143637354,-0.024190796977889763,ENSE00003545333
1941,MCM2_sgRNA1941,-0.7425385005545899,0.7388672459268602,ENSE00003545333
1942,MCM2_sgRNA1942,-0.29443116458248086,0.3649430233713951,ENSE00003545333
1943,MCM2_sgRNA1943,-0.47947443417928876,0.373195894636211,ENSE00003545333
1944,MCM2_sgRNA1944,-0.15521446831152738,0.19589456698000401,ENSE00003545333
1945,MCM2_sgRNA1945,4.148523759305718,-4.164874713027938,ENSE00003545333
1946,MCM2_sgRNA1946,0.6384381258155895,-0.35159948348400316,ENSE00003545333
1947,MCM2_sgRNA1947,-0.23955260584837296,0.35090404747379417,ENSE00003545333
1948,MCM2_sgRNA1948,-0.9099992046546748,1.0772949258889857,ENSE00003545333
1949,MCM2_sgRNA1949,-0.27932026287710293,0.2541704217956055,ENSE00003545333
1950,MCM2_sgRNA1950,0.09934556005832965,0.003935291480055115,ENSE00003545333
1951,MCM2_sgRNA1951,0.6390617918402881,-0.3935261711379804,ENSE00003545333
1952,MCM2_sgRNA1952,-0.03170810253085279,0.011953415894405947,ENSE00003545333
1953,MCM2_sgRNA1953,-0.850083720874431,0.884061071236528,ENSE00003545333
1954,MCM2_sgRNA1954,0.6466271649250525,0.6190392084062235,ENSE00001851485
1955,MCM2_sgRNA1955,0.8204400289593919,-0.7341874498119151,ENSE00001851485
1956,MCM2_sgRNA1956,0.4040649576814937,-0.29273698104300316,ENSE00001851485
1957,MCM2_sgRNA1957,0.2703385340208995,-0.07979985737676858,ENSE00001851485
1958,MCM2_sgRNA1958,0.07900768273077587,0.07900768273077587,ENSE00001851485
1959,MCM2_sgRNA1959,-0.8476532185253128,0.7855132954311207,ENSE00001851485
1960,MCM2_sgRNA1960,-0.31285311830003637,0.2947995402206448,ENSE00001851485
1961,MCM2_sgRNA1961,0.6647076423534476,-0.5488829968312467,ENSE00001851485
1962,MCM2_sgRNA1962,-0.43590347963092785,0.46582347963531423,ENSE00001851485
1963,MCM2_sgRNA1963,-0.14873760178040352,0.18215028970250746,ENSE00001851485
1964,MCM2_sgRNA1964,0.014110266470189323,0.014110266470189323,ENSE00001851485
1965,MCM2_sgRNA1965,-0.9031777087417825,0.8546897462076818,ENSE00001851485
1966,MCM2_sgRNA1966,-0.8613636702849885,0.8101640704391704,ENSE00001851485
1967,MCM2_sgRNA1967,0.2154186206667663,-0.10099407260850328,ENSE00001851485
1968,MCM2_sgRNA1968,-0.9958613092309564,1.1541559123785212,ENSE00001851485
1969,MCM2_sgRNA1969,-0.3263712855658791,0.3109555446701144,ENSE00001851485
1970,MCM2_sgRNA1970,-0.1810609598315245,0.19734660713035865,ENSE00003683720
1971,MCM2_sgRNA1971,0.3551732071077921,-0.3409033147920529,ENSE00003683720
1972,MCM2_sgRNA1972,-0.21900506058711436,0.14170123267893256,ENSE00003683720
1973,MCM2_sgRNA1973,0.2738620755939737,-0.06755111513766576,ENSE00003683720
1974,MCM2_sgRNA1974,0.06452149565894191,0.06452149565894191,ENSE00003683720
1975,MCM2_sgRNA1975,-0.39693246382045394,0.49597182295299586,ENSE00003683720
1976,MCM2_sgRNA1976,0.13959656079052732,0.047076475994363515,ENSE00003683720
1977,MCM2_sgRNA1977,-0.15839914423193624,0.16857615497223485,ENSE00003683720
1978,MCM2_sgRNA1978,1.6944316215760737,-1.5544302798238203,ENSE00003683720
1979,MCM2_sgRNA1979,0.3099440810213664,-0.2632501039045283,ENSE00003683720
1980,MCM2_sgRNA1980,0.24227314277394424,0.011196136147914364,ENSE00003683720
1981,MCM2_sgRNA1981,0.5951757033741976,-0.3903500002298095,ENSE00003683720
1982,MCM2_sgRNA1982,-0.10565704758435657,0.04874135023703842,ENSE00003683720
1983,MCM2_sgRNA1983,0.08892250291131977,0.04170973636422361,ENSE00003683720
1984,MCM2_sgRNA1984,-0.17405608331665923,0.11592404247416023,ENSE00003683720
1985,MCM2_sgRNA1985,-0.6391855726392951,0.6901433400635469,ENSE00003683720
1986,MCM2_sgRNA1986,0.36743080081934304,-0.039648404211337474,ENSE00003683720
1987,MCM2_sgRNA1987,-0.2252734376028501,0.3071586443395107,ENSE00003683720
1988,MCM2_sgRNA1988,0.6581158961173561,-0.42958568047499723,ENSE00003683720
1989,MCM2_sgRNA1989,0.24696628919076002,-0.034128387357141965,ENSE00003683720
1990,MCM2_sgRNA1990,0.004766011536979074,0.06760004162748405,ENSE00003683720
1991,MCM2_sgRNA1991,-0.07638791550172513,0.14405554828516215,ENSE00003683720
1992,MCM2_sgRNA1992,0.4741419739043838,-0.2612927500196099,ENSE00003683720
1993,MCM2_sgRNA1993,-0.7572559239461976,0.7991769954864485,ENSE00003673118
1994,MCM2_sgRNA1994,-0.5376690402107168,0.5890676712494148,ENSE00003673118
1995,MCM2_sgRNA1995,1.5106962976026161,-1.2888081156956204,ENSE00003673118
1996,MCM2_sgRNA1996,0.2501749788608193,-0.09229847823448652,ENSE00003673118
1997,MCM2_sgRNA1997,0.5205760662557487,-0.3344796109647567,ENSE00003673118
1998,MCM2_sgRNA1998,-0.07120146815066027,0.051036415114966496,ENSE00003673118
1999,MCM2_sgRNA1999,0.10613832462737181,0.026299439788366633,ENSE00003673118
2000,MCM2_sgRNA2000,0.7912780666873429,-0.5267836931074451,ENSE00001852637
2001,MCM2_sgRNA2001,0.5626819876534733,-0.32986568229076485,ENSE00001852637
2002,MCM2_sgRNA2002,0.7302480201117267,-0.450923881105318,ENSE00001852637
2003,MCM2_sgRNA2003,0.47217933123694794,-0.2527492008704389,ENSE00001852637
2004,MCM2_sgRNA2004,0.7909552018763324,-0.5666136970117441,ENSE00001852637
2005,MCM2_sgRNA2005,-0.30091526510764305,0.35445314870367145,ENSE00001852637
2006,MCM2_sgRNA2006,-0.12665968915188958,0.1550916923563996,ENSE00001852637
2007,MCM2_sgRNA2007,-0.6930878175252896,0.6126938545959593,ENSE00001852637
2008,MCM2_sgRNA2008,-0.8622686308493411,0.8798553669327659,ENSE00003547829
2009,MCM2_sgRNA2009,-0.22417222741873327,0.24458172958135632,ENSE00003547829
2010,MCM2_sgRNA2010,-0.07403207508832144,0.061066680817657565,ENSE00003547829
2011,MCM2_sgRNA2011,2.4710751706395384,-2.6299617641307735,ENSE00003547829
2012,MCM2_sgRNA2012,0.04214740842390793,0.04214740842390793,ENSE00003547829
2013,MCM2_sgRNA2013,1.633340926966504,-1.4182475138408863,ENSE00003547829
2014,MCM2_sgRNA2014,-0.5471504954224768,0.4781626427925241,ENSE00003547829
2015,MCM2_sgRNA2015,0.41737245470887857,-0.2351183748806992,ENSE00003547829
2016,MCM2_sgRNA2016,-0.440982193074966,0.3961189744218665,ENSE00003547829
2017,MCM2_sgRNA2017,0.5194317960248938,-0.31629302537270704,ENSE00003547829
2018,MCM2_sgRNA2018,-0.6129687416340797,0.7313690090828399,ENSE00003547829
2019,MCM2_sgRNA2019,-0.18239361069030025,0.284575004588256,ENSE00003547829
2020,MCM2_sgRNA2020,0.186516704701764,-0.0275693136454397,ENSE00003547829
2021,MCM2_sgRNA2021,0.6767844132881949,-0.5271516344078747,ENSE00003547829
2022,MCM2_sgRNA2022,-0.6456854028668857,0.7060640995485498,ENSE00003547829
2023,MCM2_sgRNA2023,-0.05824411805575084,0.17835550596223793,ENSE00003547829
2024,MCM2_sgRNA2024,0.6998263050125454,-0.4392815876271378,ENSE00003547829
2025,MCM2_sgRNA2025,-1.1129063678278093,1.1560707378534556,ENSE00003547829
2026,MCM2_sgRNA2026,-0.05099348238843279,-0.03443406356024646,ENSE00003547829
2027,MCM2_sgRNA2027,0.03725955166702761,0.03725955166702761,ENSE00003547829
2028,MCM2_sgRNA2028,0.2700082575926658,-0.13696706198198635,ENSE00003547829
2029,MCM2_sgRNA2029,0.9290283466342202,-0.8347708166853635,ENSE00003547829
2030,MCM2_sgRNA2030,0.27893305489123105,-0.18433900244350732,ENSE00003547829
2031,MCM2_sgRNA2031,0.18581014093616374,0.02386273498651215,ENSE00003547829
2032,MCM2_sgRNA2032,0.310086345902057,-0.1808331355586983,ENSE00003547829
2033,MCM2_sgRNA2033,-0.13152309681745875,0.12644914133863366,ENSE00003547829
2034,MCM2_sgRNA2034,0.23133356100900904,0.06186128530697317,ENSE00003575708
2035,MCM2_sgRNA2035,-0.2522780515787917,0.3035401450031705,ENSE00003575708
2036,MCM2_sgRNA2036,0.024239453492012415,0.07506294459378376,ENSE00003575708
2037,MCM2_sgRNA2037,0.2751079906526811,-0.03783605308113532,ENSE00003575708
2038,MCM2_sgRNA2038,0.22871459636366517,-0.10191424108091172,ENSE00003575708
2039,MCM2_sgRNA2039,0.5442856167581924,-0.44024600261320596,ENSE00003575708
2040,MCM2_sgRNA2040,-1.1991347257839238,1.2384280538049273,ENSE00003575708
2041,MCM2_sgRNA2041,0.03181206814959982,0.03181206814959982,ENSE00003575708
2042,MCM2_sgRNA2042,-0.8876377914388994,0.9105892623994801,ENSE00003575708
2043,MCM2_sgRNA2043,-0.03815147056613435,-0.03815147056613435,ENSE00003575708
2044,MCM2_sgRNA2044,0.046669302789010506,0.046669302789010506,ENSE00003473038
2045,MCM2_sgRNA2045,0.17465903397225083,-0.02301215825477518,ENSE00003473038
2046,MCM2_sgRNA2046,-0.44087913167042425,0.40977374590499066,ENSE00003473038
2047,MCM2_sgRNA2047,0.011795830771434448,0.011795830771434448,ENSE00003473038
2048,MCM2_sgRNA2048,0.32969200475621774,-0.15507546293218685,ENSE00003473038
2049,MCM2_sgRNA2049,0.08683518105929992,0.08683518105929992,ENSE00001875877
2050,MCM2_sgRNA2050,0.6302554018249449,-0.326468789498337,ENSE00001875877
2051,MCM2_sgRNA2051,1.0461059966209,-0.7794002217785038,ENSE00001875877
2052,MCM2_sgRNA2052,-0.8755625315293504,0.9317133363941271,ENSE00001875877
2053,MCM2_sgRNA2053,0.19334609785759602,0.0024513282439561643,ENSE00001875877
2054,MCM2_sgRNA2054,0.4167460440153068,-0.21535901163703094,ENSE00001875877
2055,MCM2_sgRNA2055,0.334523334825607,-0.1916709387613521,ENSE00001875877
2056,MCM2_sgRNA2056,1.0884443288124548,-0.9165504643511655,ENSE00001875877
2057,MCM2_sgRNA2057,0.563465295030373,-0.3414951920680908,ENSE00001875877
2058,MCM2_sgRNA2058,0.6835440717276807,-0.4318889003044032,ENSE00001875877
2059,MCM2_sgRNA2059,-0.5846922628889797,0.5848906949565794,ENSE00001875877
2060,MCM2_sgRNA2060,-0.7316366784166592,0.7616160908886439,ENSE00001875877
2061,MCM2_sgRNA2061,0.17583321345977038,0.08982955342212312,ENSE00001875877
2062,MCM2_sgRNA2062,-0.21494459833535887,0.2510914867378275,ENSE00001875877
2063,MCM2_sgRNA2063,0.27649517397534285,-0.22865306359991613,ENSE00001875877
2064,MCM2_sgRNA2064,0.775550560318521,-0.44941909490040094,ENSE00001875877
2065,MCM2_sgRNA2065,0.7966269796598542,-0.5463039801342795,ENSE00001875877
2066,MCM2_sgRNA2066,0.15303519924309072,-0.013116232236017569,ENSE00001875877
2067,MCM2_sgRNA2067,4.888604117417949,-4.320971137333639,ENSE00001875877
2068,MCM2_sgRNA2068,-0.5576572076422827,0.5439726121964821,ENSE00001875877
2069,MCM2_sgRNA2069,0.209959679614083,0.02478825603169547,ENSE00001911873
2070,MCM2_sgRNA2070,1.3868093655880427,-1.1348796808899235,ENSE00001911873
2071,MCM2_sgRNA2071,-0.6729444732424258,0.7366357566089143,ENSE00001911873
2072,MCM2_sgRNA2072,0.17255805452610354,0.15423724567362335,ENSE00001911873
2073,MCM2_sgRNA2073,0.2414276493110349,-0.013280884365599642,ENSE00001911873
2074,MCM2_sgRNA2074,0.34862283182862297,0.03067854748652394,ENSE00001911873
2075,MCM2_sgRNA2075,1.0676894901547271,-0.7969761448228818,ENSE00001911873
2076,MCM2_sgRNA2076,0.45338231260025474,-0.19711166641909617,ENSE00001911873
2077,MCM2_sgRNA2077,0.2614508670134384,0.0551339428735766,ENSE00001911873
2078,MCM2_sgRNA2078,-0.5511025609724481,0.6231434538869678,ENSE00001911873
2079,MCM2_sgRNA2079,0.9108253590028359,-0.6124613565061189,ENSE00001911873
2080,MCM2_sgRNA2080,0.19943815856704158,-0.04595200389094643,ENSE00001911873
2081,MCM2_sgRNA2081,0.668278993119002,-0.5081752326875574,ENSE00001911873
2082,MCM2_sgRNA2082,-0.651644934938971,0.5914858059883218,ENSE00001911873
2083,MCM2_sgRNA2083,-0.2106310921809237,0.2888694774639719,ENSE00001911873
2084,MCM2_sgRNA2084,4.747413519214636,-3.997320585940041,ENSE00001128282
2085,MCM2_sgRNA2085,1.2219929580774735,-1.049813238729681,ENSE00001128282
2086,MCM2_sgRNA2086,1.3229594001314056,-1.1447168476816947,ENSE00001128282
2087,MCM2_sgRNA2087,1.2533963887421415,-0.9483064007927505,ENSE00001128282
2088,MCM2_sgRNA2088,5.306616169362732,-4.1118237573817575,ENSE00001128282
2089,MCM2_sgRNA2089,0.20898053664771862,-0.0693245914580275,ENSE00001128282
2090,MCM2_sgRNA2090,0.43855720686273825,-0.26553997497132387,ENSE00001128282
2091,MCM2_sgRNA2091,0.4643848493580491,-0.2883842524302028,ENSE00001128282
2092,MCM2_sgRNA2092,4.383097489675374,-3.7178419280164734,ENSE00001128282
2093,MCM2_sgRNA2093,0.44144824483963474,-0.29647512102586,ENSE00001128282
2094,MCM2_sgRNA2094,0.7110064533191357,-0.531067302866173,ENSE00001128282
2095,MCM2_sgRNA2095,1.2679760098686357,-1.0190700093127742,ENSE00001128282
2096,MCM2_sgRNA2096,2.5998987826425592,-2.356923424559459,ENSE00001128282
2097,MCM2_sgRNA2097,1.674901828829799,-1.5227766541540242,ENSE00001128282
2098,MCM2_sgRNA2098,0.2794761812197329,-0.13980456902961214,ENSE00001128282
2099,MCM2_sgRNA2099,0.309176831739834,-0.12139218360760473,ENSE00001128282
2100,MCM2_sgRNA2100,-0.17176005200697,0.18479322545931337,ENSE00001128282
2101,MCM2_sgRNA2101,0.9757184892878304,-0.8082303921962941,ENSE00001128282
2102,MCM2_sgRNA2102,-0.1220648186223064,0.22415269381180467,ENSE00001128282
2103,MCM2_sgRNA2103,0.6098648321301822,-0.2876256247082645,ENSE00001128282
2104,MCM2_sgRNA2104,4.889863926853671,-4.1382803479267345,ENSE00001128282
2105,MCM2_sgRNA2105,0.66885778454869,-0.46142838247690676,ENSE00003493668
2106,MCM2_sgRNA2106,-0.18079512805321218,0.30255364492744496,ENSE00003493668
2107,MCM2_sgRNA2107,-1.5671176736922274,1.5542998087076736,ENSE00003493668
2108,MCM2_sgRNA2108,0.5068993124701355,-0.26614815855978285,ENSE00003493668
2109,MCM2_sgRNA2109,0.9990109767857741,-0.8748467724031033,ENSE00003493668
2110,MCM2_sgRNA2110,0.40747168417464014,-0.16375500970819734,ENSE00003493668
2111,MCM2_sgRNA2111,-0.18117519300139845,0.2158732011914937,ENSE00003493668
2112,MCM2_sgRNA2112,1.1387731261394873,-0.8424843733556558,ENSE00003493668
2113,MCM2_sgRNA2113,4.736549264044472,-4.298854033991417,ENSE00003493668
2114,MCM2_sgRNA2114,-0.644435829515736,0.6937704983305161,ENSE00003493668
2115,MCM2_sgRNA2115,-0.06002424975682911,0.12229871492277729,ENSE00003493668
2116,MCM2_sgRNA2116,1.1583254733603545,-0.9409387217274496,ENSE00001954392
2117,MCM2_sgRNA2117,-0.029555210880335216,0.043974799635033764,ENSE00001954392
2118,MCM2_sgRNA2118,0.5569809957184119,-0.38402839299023445,ENSE00001954392
2119,MCM2_sgRNA2119,-0.09939510492574696,0.10688276807033227,ENSE00001954392
2120,MCM2_sgRNA2120,-0.8464792861489073,0.9301587635526405,ENSE00001954392
2121,MCM2_sgRNA2121,-0.13339882816486004,0.25617637372529706,ENSE00001954392
2122,MCM2_sgRNA2122,0.24930994389617547,-0.19237783793299332,ENSE00001954392
2123,MCM2_sgRNA2123,-0.061139956377005554,0.1195100921459007,ENSE00001954392
2124,MCM2_sgRNA2124,-0.15890805392303206,0.25704442825997703,ENSE00001954392
2125,MCM2_sgRNA2125,0.256129663661859,-0.03403713356656276,ENSE00001954392
2126,MCM2_sgRNA2126,-0.5557835955487596,0.6803789599550027,ENSE00001954392
2127,MCM2_sgRNA2127,1.4956421324094096,-1.433076492486077,ENSE00001954392
2128,MCM2_sgRNA2128,-0.6205697965464252,0.5738100544107722,ENSE00001954392
2129,MCM2_sgRNA2129,-0.38556712982275426,0.36484351037421553,ENSE00001954392
2130,MCM2_sgRNA2130,3.470190253149107,-2.9628444067091557,ENSE00001954392
2131,MCM2_sgRNA2131,0.509223467795704,-0.3006259141819651,ENSE00001893760
2132,MCM2_sgRNA2132,0.19366030296645284,0.04773834093477189,ENSE00001893760
2133,MCM2_sgRNA2133,2.3566523142643216,-2.0701135738035568,ENSE00001893760
2134,MCM2_sgRNA2134,-0.2648087930084942,0.35943851144430466,ENSE00001893760
2135,MCM2_sgRNA2135,0.7802527032558157,-0.5287607017133773,ENSE00001893760
2136,MCM2_sgRNA2136,0.3200650347045575,-0.19441176626631126,ENSE00001893760
2137,MCM2_sgRNA2137,-0.03169586300850696,0.03365789785412278,ENSE00001893760
2138,MCM2_sgRNA2138,-0.6157189938168786,0.5928628179339797,ENSE00001893760
2139,MCM2_sgRNA2139,0.08193535862693989,0.08193535862693989,ENSE00001893760
2140,MCM2_sgRNA2140,-0.2616450986687856,0.2152121584937782,ENSE00001893760
2141,MCM2_sgRNA2141,-0.024735184015511894,0.06377388268605845,ENSE00001893760
2142,MCM2_sgRNA2142,0.2770953976191959,-0.12095776091077928,ENSE00001893760
2143,MCM2_sgRNA2143,4.504304059918105,-4.121216040683887,ENSE00001893760
2144,MCM2_sgRNA2144,-0.4673916818610907,0.4231690987474228,ENSE00001893760
2145,MCM2_sgRNA2145,0.6893397242333638,-0.4280408557518549,ENSE00001893760
2146,MCM2_sgRNA2146,-0.118292838525575,0.26967843341110787,ENSE00001893760
2147,MCM2_sgRNA2147,-0.6471436579489798,0.7343622888821191,ENSE00001893760
2148,MCM2_sgRNA2148,0.6931936349301484,-0.4690858393551816,ENSE00001893760
2149,MCM2_sgRNA2149,-0.10278973542784318,0.2270203750732867,ENSE00001893760
2150,MCM2_sgRNA2150,0.21175164307698793,-0.08974529405671514,ENSE00001893760
2151,MCM2_sgRNA2151,-0.13775553943359636,0.08775669592921613,ENSE00001893760
2152,MCM2_sgRNA2152,0.48722007057458977,-0.3099706856557516,ENSE00001893760
2387,MCM2_sgRNA2385,1.0003972950105773,-0.7337887312663839,
2388,MCM2_sgRNA2386,-0.11830284587691864,0.03199571712927622,
2389,MCM2_sgRNA2387,-2.343773800460758,2.3156221608185006,
2390,MCM2_sgRNA2388,-0.6980479887247181,0.7670429560039653,
