,gene_sgRNA,log of change,final diff,exon_id,id,sequence
0,SPC24_sgRNA2153,0.718128368697424,-0.4818124442233352,ENSE00002911084,2153,AGGGGCATGTTTCTTGCCAG
1,SPC24_sgRNA2154,-0.9614036851208582,1.0060864585808558,ENSE00002911084,2154,GGCATGTTTCTTGCCAGTGG
2,SPC24_sgRNA2155,1.0651700704703964,-0.8922834121645212,ENSE00002911084,2155,TTCTTGCCAGTGGAGGCAAG
3,SPC24_sgRNA2156,0.16283581742037845,-0.06549113746572728,ENSE00002911084,2156,CACCTTCTCTCTGCTCTCCT
4,SPC24_sgRNA2157,0.5176635531640831,-0.31989846077394823,ENSE00002911084,2157,ACCTTCTCTCTGCTCTCCTT
5,SPC24_sgRNA2158,0.24858555565781948,-0.16674038377438857,ENSE00002911084,2158,CCTTCTCTCTGCTCTCCTTG
6,SPC24_sgRNA2159,0.5887524954608969,-0.46689964330814443,ENSE00002911084,2159,CTCTCTGCTCTCCTTGGGGA
7,SPC24_sgRNA2160,-0.7176080417248712,0.8169884190944453,ENSE00002911084,2160,CTTGGGGAAGGACAGACCCT
8,SPC24_sgRNA2161,0.5300375958753099,-0.2785369446821667,ENSE00002911084,2161,TTGGGGAAGGACAGACCCTA
9,SPC24_sgRNA2162,-0.7658652756313746,0.8287389728097605,ENSE00002911084,2162,CCCTGCAGAGATCCTCACCA
10,SPC24_sgRNA2163,0.3990820278242226,-0.09626982763079658,ENSE00002911084,2163,AGAGATCCTCACCATGGAGA
11,SPC24_sgRNA2164,0.65126816175617,-0.36388579242628316,ENSE00002911084,2164,CCTCACCATGGAGAAGGAAG
12,SPC24_sgRNA2165,-0.08184703069223584,0.018901104346139258,ENSE00002911084,2165,CCAGAGCCTTCTCAATGCGA
13,SPC24_sgRNA2166,-0.1404645190090993,0.1271672229341242,ENSE00002911084,2166,CCTTCTCAATGCGAAGGAGC
14,SPC24_sgRNA2167,3.6551538194059003,-2.6307522611167737,ENSE00002911084,2167,TGCGAAGGAGCAGGTGCACC
15,SPC24_sgRNA2168,-1.3512551635023589,1.4358986165124956,ENSE00002911084,2168,GCGAAGGAGCAGGTGCACCA
16,SPC24_sgRNA2169,0.03905553505552136,0.03905553505552136,ENSE00002911084,2169,AAGGAGCAGGTGCACCAGGG
17,SPC24_sgRNA2170,-0.6953899141835127,0.6415357348303544,ENSE00002911084,2170,GCAGGTGCACCAGGGAGGCG
18,SPC24_sgRNA2171,-1.0864369018249385,1.1061899343138446,ENSE00002911084,2171,AGGCGTGGAGCTGCAGCAGC
19,SPC24_sgRNA2172,0.41611300067774193,-0.1454915551618626,ENSE00002911084,2172,GAGCTGCAGCAGCTGGAAGC
20,SPC24_sgRNA2173,0.5588727538455094,-0.4642200100142041,ENSE00002911084,2173,AGCTGCAGCAGCTGGAAGCT
21,SPC24_sgRNA2174,2.247302093992495,-1.8625872036151168,ENSE00002911084,2174,GCAGCTGGAAGCTGGGCTTC
22,SPC24_sgRNA2175,0.7357799998696312,-0.5069946091836764,ENSE00002911084,2175,GCTGGAAGCTGGGCTTCAGG
23,SPC24_sgRNA2176,0.028696373674223338,0.04239826481868259,ENSE00002911084,2176,GAAGCTGGGCTTCAGGAGGC
24,SPC24_sgRNA2177,-0.4015995349998436,0.37961651318113904,ENSE00002911084,2177,AAGCTGGGCTTCAGGAGGCT
25,SPC24_sgRNA2178,0.06330091351182757,-0.01372025690841524,ENSE00002911084,2178,AGCTGGGCTTCAGGAGGCTG
26,SPC24_sgRNA2179,0.4927013123953203,-0.47643918722756706,ENSE00002911084,2179,TGGGCTTCAGGAGGCTGGGG
27,SPC24_sgRNA2180,-0.1669933734749429,0.15767808118805637,ENSE00002911084,2180,GCTTCAGGAGGCTGGGGAGG
28,SPC24_sgRNA2181,-0.4704712599960188,0.5304609801592811,ENSE00002911084,2181,GGAGGAGGACACCCGTCTGA
29,SPC24_sgRNA2182,1.0482156028667464,-0.7549554679318214,ENSE00003609508,2182,ACCAAGTTAGTAAAATTGAG
30,SPC24_sgRNA2183,-0.8044457099370679,0.7923389761064461,ENSE00003609508,2183,CCAAGTTAGTAAAATTGAGT
31,SPC24_sgRNA2184,-0.2982039247993668,0.24545228421757737,ENSE00003609508,2184,TGGGATTATGAGTGTGAGCC
32,SPC24_sgRNA2185,0.8694236260698759,-0.7046761734399335,ENSE00003609508,2185,GGGATTATGAGTGTGAGCCA
33,SPC24_sgRNA2186,0.6360568866110312,-0.4931347820134654,ENSE00003609508,2186,TTATGAGTGTGAGCCAGGGA
34,SPC24_sgRNA2187,0.30030541582685394,-0.10991444611118412,ENSE00003609508,2187,TGTGAGCCAGGGATGGTCAA
35,SPC24_sgRNA2188,0.14872269348288444,0.04908077411704374,ENSE00002848994,2188,CGGTGTGCCCAGACTCTGCT
36,SPC24_sgRNA2189,0.9033584023148379,-0.6939309820370417,ENSE00002848994,2189,GAGACAAGATACGAGTGACA
37,SPC24_sgRNA2190,4.3749363404488575,-4.523704898299805,ENSE00002848994,2190,GGTTCTCCTCCCACTGCTGA
38,SPC24_sgRNA2191,-0.16954660080989056,0.033763393326256545,ENSE00002848994,2191,TCTCCTCCCACTGCTGACGG
39,SPC24_sgRNA2192,-0.4110348327632708,0.5417233482763597,ENSE00002848994,2192,AGCAGACAACACTCTAGAAC
40,SPC24_sgRNA2193,0.5426550319059833,-0.22373375738269052,ENSE00002848994,2193,AACACTCTAGAACTGGAGAG
41,SPC24_sgRNA2194,0.06462516556555563,0.06462516556555563,ENSE00002848994,2194,AGAGAGGTCCAGATTGCGAC
42,SPC24_sgRNA2195,0.013412764745837222,0.013412764745837222,ENSE00002848994,2195,GGAGCCACACCAGAGTGTGC
43,SPC24_sgRNA2196,0.6070752525442286,-0.3607844132668964,ENSE00002848994,2196,ACCAGAGTGTGCAGGCTTCA
44,SPC24_sgRNA2197,-0.324933034891892,0.3300465527710173,ENSE00002848994,2197,AGAGTGTGCAGGCTTCATGG
45,SPC24_sgRNA2198,3.0842227611394604,-2.7361006121064184,ENSE00002848994,2198,GACAGAAGCGACTTTTGTGC
46,SPC24_sgRNA2199,1.138159288910309,-0.8834657605928598,ENSE00002848994,2199,ACAGAAGCGACTTTTGTGCC
47,SPC24_sgRNA2200,-0.02693905134483847,0.14282664566802045,ENSE00002848994,2200,TGCCGGGACTTAAAAAGATA
48,SPC24_sgRNA2201,0.43793109159073534,-0.09546193638705788,ENSE00002848994,2201,CGGGACTTAAAAAGATAAGG
49,SPC24_sgRNA2202,0.31416243551522105,-0.08212872430951298,ENSE00002848994,2202,CTTAAAAAGATAAGGAGGCC
50,SPC24_sgRNA2203,0.5511273873502921,-0.4223618647875117,ENSE00002848994,2203,AAAGATAAGGAGGCCAGGTG
51,SPC24_sgRNA2204,4.2537940475000475,-3.961018698320941,ENSE00002848994,2204,GATAAGGAGGCCAGGTGTGG
52,SPC24_sgRNA2205,0.6652575652471412,-0.3978559231881456,ENSE00002848994,2205,TGCAATCCCAGCACTGTAGA
53,SPC24_sgRNA2206,-0.5091698750614663,0.5437484998770196,ENSE00002848994,2206,CCCAGCACTGTAGAAGGCAG
54,SPC24_sgRNA2207,-0.25925651869170957,0.24293263123676312,ENSE00002848994,2207,GCACTGTAGAAGGCAGAGGC
55,SPC24_sgRNA2208,0.24377010416554576,-0.16875593488046575,ENSE00002848994,2208,CCGGCAGATCACTTGAGCCC
56,SPC24_sgRNA2209,-0.7326519046470652,0.6760784245276835,ENSE00002848994,2209,GATCACTTGAGCCCAGGAGT
57,SPC24_sgRNA2210,0.20968702458310529,0.05376335954289677,ENSE00002848994,2210,CCAGGAGTTGGAGACCAGAC
58,SPC24_sgRNA2211,-1.0153921458417092,1.1431293544089334,ENSE00002848994,2211,CAGGAGTTGGAGACCAGACT
59,SPC24_sgRNA2212,0.1502822030493379,0.25131442828090617,ENSE00002848994,2212,AGGAGTTGGAGACCAGACTG
60,SPC24_sgRNA2213,-0.27448139310019964,0.31126556712202913,ENSE00002848994,2213,GGAGACCAGACTGGGGAACA
61,SPC24_sgRNA2214,0.23655784032180927,-0.07271787122151178,ENSE00001117520,2214,AATTTGCGCGGGTTGGAGCC
62,SPC24_sgRNA2215,0.04662505528745824,0.04662505528745824,ENSE00001117520,2215,GTTGGAGCCTGGCGTAGTCA
63,SPC24_sgRNA2216,-0.005398454924087101,0.08381391869571983,ENSE00001117520,2216,GGCCGCCTTCCGCGACATAG
64,SPC24_sgRNA2217,-4.063139827863895,4.098633991984392,ENSE00001117520,2217,CGCCTTCCGCGACATAGAGG
65,SPC24_sgRNA2218,0.2923919184149052,-0.09551867964870533,ENSE00001117520,2218,CGACATAGAGGAGGTGAGCC
66,SPC24_sgRNA2219,-0.12958303965215723,0.17872012054455724,ENSE00001117520,2219,GACATAGAGGAGGTGAGCCA
67,SPC24_sgRNA2220,4.277018566769325,-4.016257305748137,ENSE00001117520,2220,ACATAGAGGAGGTGAGCCAG
68,SPC24_sgRNA2221,-1.121540428736553,1.1718032847685322,ENSE00001117520,2221,CCAGGGGCTGCTCAGCCTGC
69,SPC24_sgRNA2222,-0.3945165582581392,0.42960280616952573,ENSE00001117520,2222,CAGGGGCTGCTCAGCCTGCT
70,SPC24_sgRNA2223,0.8741211805379548,-0.7067709004363003,ENSE00001117520,2223,CCTGCTGGGCGCCAACCGCG
71,SPC24_sgRNA2224,-2.539320984810937,2.5924963739983737,ENSE00001117520,2224,GCTGGGCGCCAACCGCGCGG
72,SPC24_sgRNA2225,0.8758127464391322,-0.6123722682797688,ENSE00001117520,2225,GCGCGGAGGCGCAGCAGCGA
73,SPC24_sgRNA2226,0.9415551369930203,-0.672628166172722,ENSE00001117520,2226,GGCGCAGCAGCGACGGCTGC
74,SPC24_sgRNA2227,0.28765100449061337,-0.09881058836061826,ENSE00001117520,2227,GCGCAGCAGCGACGGCTGCT
75,SPC24_sgRNA2228,-0.12890465456694855,0.23734417313302128,ENSE00001117520,2228,CGCAGCAGCGACGGCTGCTG
76,SPC24_sgRNA2229,-1.6276196730786405,1.6971977805555318,ENSE00001117520,2229,GCTGCTGGGGCGCCACGAGC
77,SPC24_sgRNA2230,0.05941196942915663,0.05941196942915663,ENSE00001117520,2230,GCTGGGGCGCCACGAGCAGG
78,SPC24_sgRNA2231,-0.7632466711245103,0.7231752518618073,ENSE00001117520,2231,GGGGCGCCACGAGCAGGTGG
79,SPC24_sgRNA2232,-0.9653379095942889,0.9700946751264535,ENSE00001117520,2232,GCCACGAGCAGGTGGTGGAG
80,SPC24_sgRNA2233,0.314334727316293,-0.1997153762778555,ENSE00001117520,2233,GCAGGTGGTGGAGCGGCTGC
81,SPC24_sgRNA2234,0.04516741782646246,0.11335688781984896,ENSE00001117520,2234,CGGCTGCTGGAAACGCAAGA
82,SPC24_sgRNA2235,0.608478209050585,-0.28142247952846655,ENSE00002852981,2235,GTCAAAGGCAGTATCCTTTT
83,SPC24_sgRNA2236,0.7325889126112419,-0.42449473884636973,ENSE00002852981,2236,TCAAAGGCAGTATCCTTTTT
84,SPC24_sgRNA2237,0.10906277132968599,0.10906277132968599,ENSE00002852981,2237,CAAAGGCAGTATCCTTTTTG
85,SPC24_sgRNA2238,-0.2006197736176237,0.1531654087585151,ENSE00002852981,2238,TTTTAACCCTTGTGCACTGT
86,SPC24_sgRNA2239,-0.9590136989567128,0.8498014891096844,ENSE00002852981,2239,AACCCTTGTGCACTGTAGGT
87,SPC24_sgRNA2240,-0.05498326857073769,0.026739130297797335,ENSE00002852981,2240,ACCCTTGTGCACTGTAGGTA
88,SPC24_sgRNA2241,-0.3656055740341855,0.5518749958195149,ENSE00002852981,2241,CTGTAGGTAGGGACATAAAA
89,SPC24_sgRNA2242,0.25095214225212703,-0.10718313776288106,ENSE00002852981,2242,GACATAAAATGGTGCATAGC
90,SPC24_sgRNA2243,1.3948627553815132,-1.1124905411272963,ENSE00002852981,2243,AGGACCCTGTAAAAATTAGC
91,SPC24_sgRNA2244,-1.1836258593044306,1.3168767615084351,ENSE00002852981,2244,GGACCCTGTAAAAATTAGCC
92,SPC24_sgRNA2245,-0.13468034954308167,0.14255115145444852,ENSE00002852981,2245,CTGTAAAAATTAGCCGGGTG
93,SPC24_sgRNA2246,0.310518267394039,-0.1501358910264961,ENSE00002852981,2246,TAAAAATTAGCCGGGTGTGG
94,SPC24_sgRNA2247,-0.7848914064291604,0.8616424751498012,ENSE00002852981,2247,CATCTGTTGTCCCAGCTACC
95,SPC24_sgRNA2248,-0.3744761604824563,0.4457358545168654,ENSE00002852981,2248,ATCTGTTGTCCCAGCTACCT
96,SPC24_sgRNA2249,0.20396958557629383,-0.13029504116249468,ENSE00002852981,2249,TGTTGTCCCAGCTACCTGGG
97,SPC24_sgRNA2250,-1.353784509642838,1.3222162819207395,ENSE00002852981,2250,CCCAGCTACCTGGGAGGCTG
98,SPC24_sgRNA2251,-0.5490290662821431,0.6242615534293624,ENSE00002852981,2251,AGCTACCTGGGAGGCTGAGG
99,SPC24_sgRNA2252,-1.0495877821514186,1.0350673414332079,ENSE00002852981,2252,GCTACCTGGGAGGCTGAGGT
100,SPC24_sgRNA2253,-0.7523581348051483,0.6637326204247305,ENSE00002852981,2253,ACCTGGGAGGCTGAGGTGGG
101,SPC24_sgRNA2254,-1.5803593726367176,1.7195287554086458,ENSE00002852981,2254,TGAGGTGGGAGGATCACTTG
102,SPC24_sgRNA2255,4.462676445472409,-4.226063173722849,ENSE00002852981,2255,TGGGAGGATCACTTGAGGCC
103,SPC24_sgRNA2256,-0.7363013015133774,0.7994466072130864,ENSE00002852981,2256,CCAGGAGTTTGAGACCAGCC
104,SPC24_sgRNA2257,0.29268843153872587,-0.04443976408264326,ENSE00002852981,2257,CAGGAGTTTGAGACCAGCCT
105,SPC24_sgRNA2258,-0.8986380916598378,1.0374075296982745,ENSE00001660804,2258,TGTGGCCCAGCCCATCCACC
106,SPC24_sgRNA2259,1.217080758867853,-1.0570149715194384,ENSE00001660804,2259,TGGACAGCACCCAGCTCTCC
107,SPC24_sgRNA2260,0.341632893987668,-0.027345757392455455,ENSE00001660804,2260,AATTCATCAGCGACTACCTC
108,SPC24_sgRNA2261,-0.6748303145691125,0.6095923440384421,ENSE00001660804,2261,CAGCGACTACCTCTGGAGTC
109,SPC24_sgRNA2262,-3.736828928868575,3.7309806301325716,ENSE00001660804,2262,CGACTACCTCTGGAGTCTGG
110,SPC24_sgRNA2263,0.8190362268643278,-0.6402577166395726,ENSE00001660804,2263,GGAGTCTGGTGGACACCGAG
111,SPC24_sgRNA2264,0.015903533113793333,0.015903533113793333,ENSE00001660804,2264,GTGGACACCGAGTGGTAGCC
112,SPC24_sgRNA2265,1.4623239563790207,-1.2594564564279251,ENSE00001660804,2265,AGTGGTAGCCAGGAGCCTCG
113,SPC24_sgRNA2266,-3.0757749812275272,2.8773497431680526,ENSE00001660804,2266,TGGCTGCGTCTTGCACCCAG
114,SPC24_sgRNA2267,-0.1197862120926904,0.13708201937915712,ENSE00001660804,2267,GGCTGCGTCTTGCACCCAGC
115,SPC24_sgRNA2268,-0.14731271084658454,0.22375264837653172,ENSE00001660804,2268,CACCCAGCGGGCATCTGCCG
116,SPC24_sgRNA2269,0.1699606233892472,-0.01978973579747834,ENSE00002963931,2269,CTCCTAGAGTGGCCTCAGCT
117,SPC24_sgRNA2270,-0.2075709667289302,0.313744813391121,ENSE00002963931,2270,GGCCTCAGCTAGGTAACCAA
118,SPC24_sgRNA2271,-0.0037707435327122584,0.1120927699807964,ENSE00002963931,2271,GCCTCAGCTAGGTAACCAAC
119,SPC24_sgRNA2272,-0.25637394577207184,0.33412800687881994,ENSE00002963931,2272,GGAGTCGACTTATCTATGCC
120,SPC24_sgRNA2273,0.9096299652309713,-0.6980010186024239,ENSE00002963931,2273,CTGCAGTTTCACATCTGTGA
121,SPC24_sgRNA2274,-0.4611551846540897,0.5074294975664121,ENSE00002963931,2274,TGCAGTTTCACATCTGTGAC
122,SPC24_sgRNA2275,-0.4099012685627636,0.3362407372760938,ENSE00002963931,2275,GTTTCACATCTGTGACGGGA
123,SPC24_sgRNA2276,-0.03770654887792253,0.0522181217888627,ENSE00002963931,2276,TTTCACATCTGTGACGGGAT
124,SPC24_sgRNA2277,-0.61481261146943,0.7002107304282719,ENSE00002963931,2277,GGATGGGACAAATGACACCG
125,SPC24_sgRNA2278,1.3095231643554905,-1.0258221291364644,ENSE00002963931,2278,GGTATTCGATGACAGCTCCC
126,SPC24_sgRNA2279,1.0840276391367396,-0.851302341328838,ENSE00002963931,2279,GACAGCTCCCAGGTACTTCA
127,SPC24_sgRNA2280,0.9884024054546864,-0.7480158674101046,ENSE00002963931,2280,GCTCCCAGGTACTTCAAGGT
128,SPC24_sgRNA2281,0.433964718119394,-0.07968511782527758,ENSE00002963931,2281,AGGTTGGCCCTTACTCATTC
129,SPC24_sgRNA2282,1.0060213661119837,-0.8603089948219229,ENSE00002963931,2282,GGTTGGCCCTTACTCATTCA
130,SPC24_sgRNA2283,0.28520821534844776,-0.05825495983030025,ENSE00002963931,2283,GTTGGCCCTTACTCATTCAG
131,SPC24_sgRNA2284,0.8273093908477421,-0.62483279633015,ENSE00002963931,2284,TTGGCCCTTACTCATTCAGG
132,SPC24_sgRNA2285,0.3400158355377597,-0.2070118815809491,ENSE00002963931,2285,GGGGGTATGTTTGAGTGCCA
133,SPC24_sgRNA2286,1.0702346506131135,-0.8173408106836765,ENSE00003583965,2286,CAGAGAGCTGGAAGAGCTCA
134,SPC24_sgRNA2287,0.11984076028656027,0.07399348939813426,ENSE00003583965,2287,GGAAGAGCTCAAGGAGATTG
135,SPC24_sgRNA2288,-0.19038991502292466,0.22031212596451408,ENSE00003583965,2288,AGAGCTCAAGGAGATTGAGG
136,SPC24_sgRNA2289,0.18980927015391744,-0.03299078274727225,ENSE00003583965,2289,CAAGGAGATTGAGGCGGATC
137,SPC24_sgRNA2290,-0.14725867519087943,0.10831650368163266,ENSE00003583965,2290,TGAGGCGGATCTGGAGCGAC
138,SPC24_sgRNA2291,-0.15585486354005051,0.17095636311355059,ENSE00003583965,2291,GGATCTGGAGCGACAGGAGA
139,SPC24_sgRNA2292,4.578393824953719,-4.268149126224634,ENSE00003583965,2292,TCTGGAGCGACAGGAGAAGG
140,SPC24_sgRNA2293,1.1127683120637841,-0.8762497097480502,ENSE00003583965,2293,ACAGGAGAAGGAGGTCGACG
141,SPC24_sgRNA2294,0.7840381408887137,-0.49234785309892287,ENSE00003583965,2294,CACGACAGTCACAATCCCCT
142,SPC24_sgRNA2295,1.0719460281350246,-0.6826957790122374,ENSE00002762775,2295,GAGAGAAACTCAAAACTTCC
143,SPC24_sgRNA2296,1.2142904688587848,-0.976383534660707,ENSE00002762775,2296,CAAAACTTCCTGGAGAGAAA
144,SPC24_sgRNA2297,-0.20893163288829794,0.3800978942297413,ENSE00002762775,2297,AACTTCCTGGAGAGAAATGG
145,SPC24_sgRNA2298,-1.0676608530189489,1.0669369252583578,ENSE00002762775,2298,GAGAAATGGAGGTGTCATCC
146,SPC24_sgRNA2299,-1.445902921259948,1.4587925322411208,ENSE00002762775,2299,AGGTGTCATCCTGGTCCCCC
147,SPC24_sgRNA2300,-0.2504622831477671,0.23312291254171164,ENSE00002762775,2300,GGTGTCATCCTGGTCCCCCC
148,SPC24_sgRNA2301,-0.3195057142034832,0.4584295984474495,ENSE00002806956,2301,GATCCATTTCAAATGAAATG
149,SPC24_sgRNA2302,-0.8307242419274821,1.0039408120977344,ENSE00002806956,2302,ATCCATTTCAAATGAAATGT
150,SPC24_sgRNA2303,0.7061775969413735,-0.39181322977643773,ENSE00002806956,2303,TCCATTTCAAATGAAATGTG
151,SPC24_sgRNA2304,-3.722524920861144,3.665776793096627,ENSE00002892194,2304,ACCTTGGCCTCCCAAAGTGC
152,SPC24_sgRNA2305,0.6769959908666738,-0.5992318641763387,ENSE00002892194,2305,CACCTCAGCCTCCAAGTATC
153,SPC24_sgRNA2306,0.758782514776577,-0.5905817485671806,ENSE00002892194,2306,ACCTCAGCCTCCAAGTATCT
154,SPC24_sgRNA2307,0.8980194127036728,-0.6956644337445607,ENSE00002892194,2307,CTCCAAGTATCTGGGACTAC
155,SPC24_sgRNA2308,-0.5512218603493657,0.6178900733505256,ENSE00002892194,2308,CAGGTGTGCGCCATCGCATC
156,SPC24_sgRNA2309,0.6855284244105846,-0.4949531389485802,ENSE00002754065,2309,TTCACTCTTGTTGTCCAGTC
157,SPC24_sgRNA2310,-0.9277105870776408,1.0060289864345016,ENSE00002754065,2310,TTGTCCAGTCTGGAGTGCAA
158,SPC24_sgRNA2311,-0.7870506739771805,0.7465076880198886,ENSE00002754065,2311,TCACAGCAACCTCTGCCTCC
159,SPC24_sgRNA2312,0.06472147729647433,0.06472147729647433,ENSE00002754065,2312,CACAGCAACCTCTGCCTCCT
160,SPC24_sgRNA2313,-0.6411692981323166,0.7132713060404202,ENSE00002754065,2313,GCCTCAGCCTCCAAAGTAGC
161,SPC24_sgRNA2314,0.019120461106670136,0.020732641468944758,ENSE00002754065,2314,CCTCAGCCTCCAAAGTAGCT
162,SPC24_sgRNA2315,1.670084960049175,-1.4319635584856876,ENSE00002754065,2315,TCCAAAGTAGCTGGGATTAC
163,SPC24_sgRNA2316,0.6656578190621476,-0.3978872928827946,ENSE00002754065,2316,CCCAGCTAATTTTTTGTATT
164,SPC24_sgRNA2317,1.1558390341900693,-0.8533457830135106,ENSE00002754065,2317,TTTTTTGTATTTGGTAGAGA
165,SPC24_sgRNA2318,-3.7652717825565056,3.9108902886749797,ENSE00002754065,2318,GTAGAGATGGAGTTTCACCA
166,SPC24_sgRNA2319,-0.2519865842463906,0.2906719761344273,ENSE00002754065,2319,GAGATGGAGTTTCACCATGG
167,SPC24_sgRNA2320,-0.329768741486952,0.27557929015285804,ENSE00002754065,2320,GGAGTTTCACCATGGTGGTC
168,SPC24_sgRNA2321,4.447346100794524,-4.346990137921203,ENSE00002754065,2321,TTTCACCATGGTGGTCAGGC
169,SPC24_sgRNA2322,-1.8508215431652595,1.9643061711478838,ENSE00002754065,2322,GGTCTTGAACTCCTGACCTC
170,SPC24_sgRNA2323,0.874832093958793,-0.7758674776329102,ENSE00002754065,2323,GGTGATCCACCCGCCCGCCT
171,SPC24_sgRNA2324,0.4295301181968217,-0.2210517388541597,ENSE00002754065,2324,CCTTGGCCTCCCAAAGTGCT
172,SPC24_sgRNA2325,0.6513094721956355,-0.3488811549712501,ENSE00002754065,2325,TCCCAAAGTGCTAGGATTCC
173,SPC24_sgRNA2326,0.4458754361873021,-0.08568207765197881,ENSE00002754065,2326,TTTTTTTTTTTTTTTTGAGA
174,SPC24_sgRNA2327,-0.2577314200437376,0.29853984438355224,ENSE00002754065,2327,GGAGTCTCACTCTGTCGCCC
175,SPC24_sgRNA2328,-0.300070206537232,0.2660556255729035,ENSE00002754065,2328,TCTCACTCTGTCGCCCAGGC
176,SPC24_sgRNA2329,-1.7644323595174762,1.7717255687153852,ENSE00002754065,2329,TCGCCCAGGCTGGAGTGCAG
177,SPC24_sgRNA2330,0.19103790251066013,-0.004186608985936432,ENSE00002754065,2330,CTGCAAGCTCCGCCTCCTCC
178,SPC24_sgRNA2331,-1.6102728112511222,1.6060952406072435,ENSE00002754065,2331,TGCAAGCTCCGCCTCCTCCC
179,SPC24_sgRNA2332,-0.608796182286993,0.5805629260782023,ENSE00002754065,2332,GCCTCAGCCTCCTGAGTAGC
180,SPC24_sgRNA2333,0.9868603822716925,-0.7515531136997649,ENSE00002754065,2333,CCTCAGCCTCCTGAGTAGCT
181,SPC24_sgRNA2334,0.16599727956950644,-0.0016908431544604343,ENSE00002754065,2334,TCCTGAGTAGCTGGGACTAC
182,SPC24_sgRNA2335,-1.782872134047037,1.9658935875117869,ENSE00002754065,2335,TTTTGTATTTTTAGTAGAGA
183,SPC24_sgRNA2336,0.18570137657241007,0.08682870420525877,ENSE00002754065,2336,TTTGTATTTTTAGTAGAGAC
184,SPC24_sgRNA2337,0.0,0.5705448584676129,ENSE00002754065,2337,TTGTATTTTTAGTAGAGACG
185,SPC24_sgRNA2338,-0.17288719327740865,0.30748947359871576,ENSE00002754065,2338,GGGGTTTCACCATGTTAGAC
186,SPC24_sgRNA2339,0.8491266492667293,-0.5895570137316039,ENSE00002754065,2339,TTTCACCATGTTAGACAGGA
187,SPC24_sgRNA2340,-0.00757324387030958,-0.00757324387030958,ENSE00002754065,2340,AGTTTGTGATCTGCCCGCCT
188,SPC24_sgRNA2341,-0.599610075815917,0.6402935130653034,ENSE00002754065,2341,GCCTTGGCCTCCCAAAGTGC
189,SPC24_sgRNA2324,0.4295301181968217,-0.2210517388541597,ENSE00002754065,2324,CCTTGGCCTCCCAAAGTGCT
190,SPC24_sgRNA1357,0.5531828105258072,-0.3346510189376747,ENSE00002754065,1357,TCCCAAAGTGCTGGGATTAC
191,SPC24_sgRNA2342,0.1056822714890036,0.03210412988265699,ENSE00002754065,2342,CAGGTGTGAGTCACCGCGCC
192,SPC24_sgRNA2343,0.8380269792236874,-0.3733353848318396,ENSE00002754065,2343,TTTTTTTTTTTTTTTTTTAC
193,SPC24_sgRNA2344,0.24505516683993483,0.07823338830945553,ENSE00002754065,2344,TTTCTTTTTCTCCTGATTTT
194,SPC24_sgRNA2345,0.19880893090297547,0.05263063035229887,ENSE00002754065,2345,TTCGGCCTCAGCTCCTAGAG
195,SPC24_sgRNA2346,0.23899835306082348,-0.07892280942119817,ENSE00002754065,2346,TACAAAAAAATTAAAAAATT
196,SPC24_sgRNA2347,-0.8124326903999648,0.9363924346169231,ENSE00002754065,2347,AAAAATTAAAAAATTTGGCC
197,SPC24_sgRNA2348,0.3247867740094891,-0.16544254228071115,ENSE00002754065,2348,TTAAAAAATTTGGCCTGGTG
198,SPC24_sgRNA2349,0.07242151333372861,0.018080023196182713,ENSE00002754065,2349,AAAAATTTGGCCTGGTGTGG
199,SPC24_sgRNA2350,0.5562182938234118,-0.2682381694830963,ENSE00002754065,2350,TGCCTGTGATCCTAGCACTT
200,SPC24_sgRNA2351,0.3814840805128729,-0.07944032666519718,ENSE00002754065,2351,GCCTGTGATCCTAGCACTTT
201,SPC24_sgRNA2352,0.07997770380578348,0.07997770380578348,ENSE00002754065,2352,CCCAGCTGCCCTTATAGTTA
202,SPC24_sgRNA2353,-0.22822652843381497,0.21244573997293778,ENSE00002754065,2353,CTGCCCTTATAGTTAAGGTC
203,SPC24_sgRNA2354,0.6061466324683128,-0.27931280406801123,ENSE00002754065,2354,TCTGGCCAGTGAAATGTATG
204,SPC24_sgRNA2355,0.2475483260579559,0.14971207639345133,ENSE00002754065,2355,TGTTACATGACACTTCTAGA
205,SPC24_sgRNA2356,0.9292341406304525,-0.651256036275055,ENSE00002754065,2356,TCTTCCCCCTTCCTATTTCC
206,SPC24_sgRNA2357,0.6972764202868279,-0.4578927773020126,ENSE00002754065,2357,CCTTCCTATTTCCTGGAATG
207,SPC24_sgRNA2358,0.5016662937116588,-0.2558542957262634,ENSE00002754065,2358,CTTCCTATTTCCTGGAATGT
208,SPC24_sgRNA2359,-1.1214575550510355,1.1202534210131578,ENSE00002754065,2359,TTCCTGGAATGTGGGTGTGA
209,SPC24_sgRNA2360,-0.7715730730065764,0.6892478791880629,ENSE00002754065,2360,TGGAATGTGGGTGTGATGGC
210,SPC24_sgRNA2361,0.4334441861170041,-0.3253482247123079,ENSE00002754065,2361,GGGTGTGATGGCTGGAGCCC
211,SPC24_sgRNA2362,-0.36644274713544256,0.40761509613880514,ENSE00002754065,2362,ACAGACGAGTGCCGTCCTTT
212,SPC24_sgRNA2363,-0.6348886565980457,0.7760280682114569,ENSE00002754065,2363,CAGACGAGTGCCGTCCTTTA
213,SPC24_sgRNA2364,0.6316211118902147,-0.5338800622432964,ENSE00002754065,2364,TGCCGTCCTTTAGGGATGAC
214,SPC24_sgRNA2365,0.09973459829576348,0.03389586240649637,ENSE00002754065,2365,CTTTAGGGATGACAGGAGCC
215,SPC24_sgRNA2366,-0.01754295970787708,0.09391550722664202,ENSE00002754065,2366,GGAGCCTGGTTCCCTGATGA
216,SPC24_sgRNA2367,0.8813787145765889,-0.6336863589683532,ENSE00002754065,2367,TCAGCACAAACTTATTTAAA
217,SPC24_sgRNA2368,0.7747791943923836,-0.634411253127401,ENSE00002754065,2368,CAGCACAAACTTATTTAAAT
218,SPC24_sgRNA2369,1.0429886672065936,-0.8203552039552972,ENSE00002754065,2369,TTATTTAAATGGGAGAGAGA
219,SPC24_sgRNA2370,3.809512654566196,-3.484541606724868,ENSE00002754065,2370,TATTTAAATGGGAGAGAGAA
220,SPC24_sgRNA2371,-0.14240163360671707,0.34536954403476205,ENSE00002754065,2371,ATTTAAATGGGAGAGAGAAG
221,SPC24_sgRNA2372,0.9825725878948958,-0.8460289052013813,ENSE00002754065,2372,TTCTACCTTGTGTAAGCTGC
222,SPC24_sgRNA2373,0.9003333931885101,-0.7729350992041235,ENSE00002754065,2373,CTTGTGTAAGCTGCTGGTTT
223,SPC24_sgRNA2374,0.7914244641512771,-0.608284408900202,ENSE00002754065,2374,TTGTGTAAGCTGCTGGTTTT
224,SPC24_sgRNA2375,0.33316402145388374,-0.1313681809910835,ENSE00002754065,2375,TGTGTAAGCTGCTGGTTTTG
225,SPC24_sgRNA2376,-1.1342637999259442,1.1733959247569834,ENSE00002754065,2376,GTGTAAGCTGCTGGTTTTGG
226,SPC24_sgRNA2389,-0.04010692003507335,0.03324898891480906,,2389,GGTGCCGAGAAGCAGCTGCG
227,SPC24_sgRNA2390,0.6211129150942678,-0.5682761534027175,,2390,TGGCAGAACCTACACGGCCG
